"manager_name","employee_name","emp_id","married_id","marital_status_id","gender_id","emp_status_id","dept_id","perf_score_id","from_diversity_job_fair_id","pay_rate","termd","position_id","position","state","zip","dob","sex","marital_desc","citizen_desc","hispanic_latino","race_desc","dateof_hire","dateof_termination","term_reason","employment_status","department","manager_id","recruitment_source","performance_score","engagement_survey","emp_satisfaction","special_projects_count","last_performance_review_date","days_late_last30","tenure","age_corrected","teamsize","number_of_subgroups","fl.value"
"Alex Sweetwater","Szabo, Andrew",1201031324,0,0,1,1,4,4,0,48,0,24,"Software Engineer","MA",2140,1983-05-06,"M ","Single","US Citizen","no","White",2014-07-07,NA,"N/A - still employed","Active","Software Engineering",10,"MBTA ads","Exceeds",2.61,5,5,2019-02-18,0,4.62,35.79,6,3,0.47720875253698
"Alex Sweetwater","Del Bosque, Keyla",1203032498,0,0,0,1,4,3,0,57.12,0,24,"Software Engineer","MA",2176,1979-07-05,"F","Single","US Citizen","no","Black or African American",2012-01-09,NA,"N/A - still employed","Active","Software Engineering",10,"Monster.com","Fully Meets",3.79,5,5,2019-01-25,0,7.04,39.56,6,3,0.47720875253698
"Alex Sweetwater","Martin, Sandra",1303054625,0,0,0,1,4,3,0,55.51,0,24,"Software Engineer","MA",2135,1987-11-07,"F","Single","US Citizen","no","Asian",2013-11-11,NA,"N/A - still employed","Active","Software Engineering",10,"Search Engine - Google Bing Yahoo","Fully Meets",1.53,5,4,2019-01-14,0,5.17,31.19,6,3,0.47720875253698
"Alex Sweetwater","Saada, Adell",1012023185,1,1,0,1,4,3,0,49.25,0,24,"Software Engineer","MA",2132,1986-07-24,"F","Married","US Citizen","no","White",2012-11-05,NA,"N/A - still employed","Active","Software Engineering",10,"Pay Per Click - Google","Fully Meets",1.74,3,6,2019-02-13,0,6.27,32.56,6,3,0.47720875253698
"Alex Sweetwater","Andreola, Colby",1107027358,0,0,0,1,4,3,0,47.6,0,24,"Software Engineer","MA",2110,1979-05-24,"F","Single","US Citizen","no","White",2014-11-10,NA,"N/A - still employed","Active","Software Engineering",10,"Vendor Referral","Fully Meets",3.04,3,4,2019-01-02,0,4.15,39.61,6,3,0.47720875253698
"Alex Sweetwater","Carabbio, Judith",1101023577,0,0,0,1,4,3,0,56,0,24,"Software Engineer","MA",2132,1987-04-05,"F","Single","US Citizen","no","White",2013-11-11,NA,"N/A - still employed","Active","Software Engineering",10,"Pay Per Click - Google","Fully Meets",4.96,4,6,2019-01-30,0,5.22,31.82,6,3,0.47720875253698
"Amy Dunn","Fernandes, Nilson  ",1302053339,1,1,1,1,5,1,0,18,0,19,"Production Technician I","MA",2132,1989-10-18,"M ","Married","US Citizen","no","White",2015-05-11,NA,"N/A - still employed","Active","Production       ",11,"Professional Society","PIP",1.56,5,0,2019-01-03,0,3.65,29.21,8,3,0.407938234410601
"Amy Dunn","Shields, Seffi",1205033102,1,1,0,1,5,3,0,15,0,19,"Production Technician I","MA",2149,1985-08-24,"F","Married","US Citizen","no","White",2013-08-19,NA,"N/A - still employed","Active","Production       ",11,"Newspager/Magazine","Fully Meets",4.81,4,0,2019-02-15,0,5.49,33.48,8,3,0.407938234410601
"Amy Dunn","Desimone, Carl ",1501072124,1,1,1,1,5,1,0,20,0,19,"Production Technician I","MA",2061,2067-04-19,"M ","Married","US Citizen","no","White",2014-07-07,NA,"N/A - still employed","Active","Production       ",11,"Professional Society","PIP",1.12,2,0,2019-01-31,0,4.57,51.79,8,3,0.407938234410601
"Amy Dunn","Girifalco, Evelyn",1204032927,0,0,0,1,5,4,0,16,0,19,"Production Technician I","MA",2451,1980-05-08,"F","Single","US Citizen","yes","Two or more races",2014-09-29,NA,"N/A - still employed","Active","Production       ",11,"Professional Society","Exceeds",3.39,4,0,2019-02-07,0,4.36,38.75,8,3,0.407938234410601
"Amy Dunn","Harrison, Kara",1404066622,1,1,0,1,5,4,0,20,0,19,"Production Technician I","MA",1886,1974-05-02,"F","Married","US Citizen","no","White",2014-05-12,NA,"N/A - still employed","Active","Production       ",11,"Monster.com","Exceeds",4.76,4,0,2019-02-15,0,4.76,44.79,8,3,0.407938234410601
"Amy Dunn","Bernstein, Sean",1109029366,0,0,1,1,5,3,0,16,0,19,"Production Technician I","MA",2072,1970-12-22,"M ","Single","US Citizen","yes","White",2012-04-02,NA,"N/A - still employed","Active","Production       ",11,"Word of Mouth","Fully Meets",5,3,0,2019-01-14,0,6.78,48.06,8,3,0.407938234410601
"Amy Dunn","Anderson, Linda  ",1304055947,0,0,0,1,5,4,0,23,0,19,"Production Technician I","MA",1844,1977-05-22,"F","Single","US Citizen","no","White",2012-01-09,NA,"N/A - still employed","Active","Production       ",11,"MBTA ads","Exceeds",5,5,0,2019-01-07,0,7,41.63,8,3,0.407938234410601
"Amy Dunn","Burke, Joelle",1011022820,0,0,0,1,5,3,0,25,0,20,"Production Technician II","MA",2148,1980-03-02,"F","Single","US Citizen","no","Black or African American",2012-03-05,NA,"N/A - still employed","Active","Production       ",11,"Employee Referral","Fully Meets",4.51,4,0,2019-02-21,0,6.97,38.97,8,3,0.407938234410601
"Board of Directors","King, Janet",1001495124,1,1,0,1,2,3,0,80,0,16,"President & CEO","MA",1902,2054-09-21,"F","Married","US Citizen","yes","White",2012-07-02,NA,"N/A - still employed","Active","Executive Office",9,"Pay Per Click - Google","Fully Meets",4.83,3,0,2019-01-17,0,6.54,64.32,2,2,0
"Board of Directors","Foster-Baker, Amy",1201031308,1,1,0,1,1,3,0,34.95,0,26,"Sr. Accountant","MA",2050,1979-04-16,"F","Married","US Citizen","no","White",2009-01-05,NA,"N/A - still employed","Active","Admin Offices",9,"Other","Fully Meets",5,3,2,2019-02-08,0,10.09,39.82,2,2,0
"Brandon R. LeBlanc","Brown, Mia",1103024456,1,1,0,1,1,3,1,28.5,0,1,"Accountant I","MA",1450,1987-11-24,"F","Married","US Citizen","no","Black or African American",2008-10-27,NA,"N/A - still employed","Active","Admin Offices",1,"Diversity Job Fair","Fully Meets",2.04,2,6,2019-01-15,0,10.22,31.14,5,2,0.451532620956835
"Brandon R. LeBlanc","LaRotonda, William  ",1106026572,0,2,1,1,1,3,0,23,0,1,"Accountant I","MA",1460,1984-04-26,"M ","Divorced","US Citizen","no","Black or African American",2014-01-06,NA,"N/A - still employed","Active","Admin Offices",1,"Website Banner Ads","Fully Meets",5,4,4,2019-01-17,0,5.03,34.73,5,2,0.451532620956835
"Brandon R. LeBlanc","Steans, Tyrone  ",1302053333,0,0,1,1,1,3,0,29,0,1,"Accountant I","MA",2703,1986-09-01,"M ","Single","US Citizen","no","White",2014-09-29,NA,"N/A - still employed","Active","Admin Offices",1,"Internet Search","Fully Meets",3.9,5,5,2019-01-18,0,4.3,32.38,5,2,0.451532620956835
"Brandon R. LeBlanc","Singh, Nan ",1307059817,0,0,0,1,1,3,0,16.56,0,2,"Administrative Assistant","MA",2330,1988-05-19,"F","Single","US Citizen","no","White",2015-05-01,NA,"N/A - still employed","Active","Admin Offices",1,"Website Banner Ads","Fully Meets",5,3,5,2019-01-15,0,3.71,30.66,5,2,0.451532620956835
"Brandon R. LeBlanc","Boutwell, Bonalyn",1307060188,1,1,0,1,1,3,1,34.95,0,26,"Sr. Accountant","MA",2468,1987-04-04,"F","Married","US Citizen","no","Asian",2015-02-16,NA,"N/A - still employed","Active","Admin Offices",3,"Diversity Job Fair","Fully Meets",5,4,3,2019-02-18,0,4.01,31.88,5,2,0.451532620956835
"Brannon Miller","Ngodup, Shari ",1403066020,0,3,0,1,5,4,1,15,0,19,"Production Technician I","MA",1810,2067-06-03,"F","Separated","US Citizen","no","Asian",2013-04-01,NA,"N/A - still employed","Active","Production       ",12,"Diversity Job Fair","Exceeds",1.12,3,0,2019-02-13,0,5.87,51.7,15,4,0.615008221740647
"Brannon Miller","Robinson, Elias",1011022887,0,4,1,1,5,4,0,17,0,19,"Production Technician I","MA",1730,1985-01-28,"M ","Widowed","US Citizen","no","White",2013-07-08,NA,"N/A - still employed","Active","Production       ",12,"Employee Referral","Exceeds",3.02,5,0,2019-02-11,0,5.6,34.04,15,4,0.615008221740647
"Brannon Miller","Tippett, Jeanette",1409070255,0,2,0,1,5,3,0,24,0,19,"Production Technician I","MA",2093,2067-06-05,"F","Divorced","US Citizen","no","Black or African American",2013-02-18,NA,"N/A - still employed","Active","Production       ",12,"Billboard","Fully Meets",4.21,5,0,2019-01-14,0,5.9,51.61,15,4,0.615008221740647
"Brannon Miller","Petingill, Shana  ",1103024843,1,1,0,1,5,3,0,26,0,20,"Production Technician II","MA",2050,1979-03-10,"F","Married","Eligible NonCitizen","no","Asian",2012-04-02,NA,"N/A - still employed","Active","Production       ",12,"MBTA ads","Fully Meets",2.61,3,0,2019-01-14,0,6.78,39.85,15,4,0.615008221740647
"Brannon Miller","Bachiochi, Linda",1212051409,0,0,0,3,5,3,1,22,0,19,"Production Technician I","MA",1902,1970-02-11,"F","Single","US Citizen","no","Two or more races",2009-07-06,NA,"N/A - still employed","Leave of Absence","Production       ",12,"Diversity Job Fair","Fully Meets",4.46,3,0,2019-01-25,0,9.56,48.95,15,4,0.615008221740647
"Brannon Miller","Billis, Helen",1308060366,1,1,0,1,5,4,0,16,0,19,"Production Technician I","MA",2031,1989-09-01,"F","Married","US Citizen","no","White",2014-07-07,NA,"N/A - still employed","Active","Production       ",12,"Professional Society","Exceeds",5,3,0,2019-02-27,0,4.64,29.49,15,4,0.615008221740647
"Brannon Miller","Kretschmer, John",1311062610,1,1,1,1,5,3,0,21,0,19,"Production Technician I","MA",1801,1980-02-02,"M ","Married","US Citizen","no","Asian",2011-01-10,NA,"N/A - still employed","Active","Production       ",12,"Pay Per Click - Google","Fully Meets",3.38,3,0,2019-01-21,0,8.03,38.97,15,4,0.615008221740647
"Brannon Miller","Mangal, Debbie",1308060754,1,1,0,1,5,3,0,23,0,19,"Production Technician I","MA",2451,1974-11-07,"F","Married","US Citizen","no","White",2013-11-11,NA,"N/A - still employed","Active","Production       ",12,"On-campus Recruiting","Fully Meets",1.04,3,0,2019-01-22,0,5.2,44.21,15,4,0.615008221740647
"Brannon Miller","Fidelia,  Libby",1006020020,1,1,0,1,5,3,0,24,0,19,"Production Technician I","MA",2155,1981-03-16,"F","Married","US Citizen","no","White",2012-01-09,NA,"N/A - still employed","Active","Production       ",12,"Social Networks - Facebook Twitter etc","Fully Meets",5,5,0,2019-01-29,0,7.06,37.87,15,4,0.615008221740647
"Brannon Miller","Sparks, Taylor  ",1410071137,1,1,0,1,5,1,0,16,0,19,"Production Technician I","MA",2093,2068-07-20,"F","Married","US Citizen","no","White",2012-02-20,NA,"N/A - still employed","Active","Production       ",12,"Billboard","PIP",4.11,2,0,2019-02-25,0,7.01,50.6,15,4,0.615008221740647
"Brannon Miller","Johnston, Yen",1306057810,0,0,0,1,5,4,0,25,0,20,"Production Technician II","MA",2128,1969-09-08,"F","Single","US Citizen","no","White",2014-07-07,NA,"N/A - still employed","Active","Production       ",12,"Professional Society","Exceeds",1.51,3,0,2019-01-11,0,4.51,49.34,15,4,0.615008221740647
"Brannon Miller","DiNocco, Lily ",1209048696,1,1,0,1,5,2,0,22,0,19,"Production Technician I","MA",2351,1978-12-02,"F","Married","US Citizen","no","Black or African American",2013-01-07,NA,"N/A - still employed","Active","Production       ",12,"Pay Per Click - Google","Needs Improvement",3.88,4,0,2019-01-18,0,6.03,40.13,15,4,0.615008221740647
"Brannon Miller","Gonzalez, Cayo",1411071212,0,2,1,1,5,4,1,16,0,19,"Production Technician I","MA",2108,1969-09-29,"M ","Divorced","US Citizen","no","American Indian or Alaska Native",2011-07-11,NA,"N/A - still employed","Active","Production       ",12,"Diversity Job Fair","Exceeds",1.83,4,0,2019-02-18,0,7.61,49.39,15,4,0.615008221740647
"Brannon Miller","Ivey, Rose ",1408069882,0,0,0,1,5,3,0,16,0,19,"Production Technician I","MA",1775,1991-01-28,"F","Single","US Citizen","no","White",2013-08-19,NA,"N/A - still employed","Active","Production       ",12,"Professional Society","Fully Meets",3.99,3,0,2019-01-14,0,5.4,27.96,15,4,0.615008221740647
"Brian Champaigne","Smith, Jason",1009919980,0,0,1,1,3,3,0,46,0,4,"BI Developer","MA",2045,1983-09-04,"M ","Single","US Citizen","no","White",2017-02-15,NA,"N/A - still employed","Active","IT/IS",13,"Indeed","Fully Meets",3.01,5,7,2019-01-23,0,1.94,35.39,8,2,0.60409433264841
"Brian Champaigne","Westinghouse, Matthew",1009919990,1,1,1,1,3,3,0,45,0,4,"BI Developer","MA",2134,1987-10-24,"M ","Married","US Citizen","no","White",2017-04-20,NA,"N/A - still employed","Active","IT/IS",13,"Indeed","Fully Meets",1.82,3,6,2019-01-02,0,1.7,31.19,8,2,0.60409433264841
"Brian Champaigne","Hubert, Robert",1009920000,1,1,1,1,3,3,0,45,0,4,"BI Developer","MA",2134,1989-06-30,"M ","Married","US Citizen","no","Black or African American",2017-04-20,NA,"N/A - still employed","Active","IT/IS",13,"Indeed","Fully Meets",2.06,5,5,2019-01-28,0,1.77,29.58,8,2,0.60409433264841
"Brian Champaigne","Rachael, Maggie",1009919940,1,1,0,1,3,3,0,45,0,4,"BI Developer","MA",2110,1980-05-12,"F","Married","US Citizen","no","Black or African American",2016-10-02,NA,"N/A - still employed","Active","IT/IS",13,"Indeed","Fully Meets",2.02,4,6,2019-02-06,0,2.35,38.74,8,2,0.60409433264841
"Brian Champaigne","Roper, Katie",1009919950,0,0,0,1,3,3,0,55,0,7,"Data Architect","MA",2056,1972-11-21,"F","Single","US Citizen","no","Black or African American",2017-01-07,NA,"N/A - still employed","Active","IT/IS",13,"Indeed","Fully Meets",4.94,3,5,2019-02-06,0,2.08,46.21,8,2,0.60409433264841
"Brian Champaigne","Navathe, Kurt",1009919960,0,0,1,1,3,3,0,52.25,0,22,"Senior BI Developer","MA",2056,1970-04-25,"M ","Single","US Citizen","no","Asian",2017-02-10,NA,"N/A - still employed","Active","IT/IS",13,"Indeed","Fully Meets",5,3,6,2019-02-25,0,2.04,48.84,8,2,0.60409433264841
"Brian Champaigne","Wang, Charlie",1009919970,0,0,1,1,3,3,0,51,0,22,"Senior BI Developer","MA",1887,1981-07-08,"M ","Single","US Citizen","no","Asian",2017-02-15,NA,"N/A - still employed","Active","IT/IS",13,"Indeed","Fully Meets",3.42,4,7,2019-01-04,0,1.88,37.49,8,2,0.60409433264841
"Brian Champaigne","Le, Binh",1009919930,0,0,0,1,3,3,0,50.25,0,22,"Senior BI Developer","MA",1886,1987-06-14,"F","Single","US Citizen","no","Asian",2016-10-02,NA,"N/A - still employed","Active","IT/IS",13,"Indeed","Fully Meets",2.09,5,7,2019-01-08,0,2.27,31.57,8,2,0.60409433264841
"David Stanley","Trang, Mei",1012023152,0,0,0,1,5,2,0,22,0,19,"Production Technician I","MA",2021,1983-05-16,"F","Single","US Citizen","no","White",2014-02-17,NA,"N/A - still employed","Active","Production       ",14,"Professional Society","Needs Improvement",2.44,5,0,2019-02-11,0,4.98,35.74,15,2,0.480387939377034
"David Stanley","Cockel, James",1599991009,0,0,1,1,5,3,0,15,0,19,"Production Technician I","MA",2452,1977-09-08,"M ","Single","US Citizen","no","White",2013-07-08,NA,"N/A - still employed","Active","Production       ",14,"Employee Referral","Fully Meets",1.51,5,0,2019-01-14,0,5.52,41.35,15,2,0.480387939377034
"David Stanley","Dobrin, Denisa  S",1202031618,0,0,0,1,5,3,0,16.75,0,19,"Production Technician I","MA",2125,1986-10-07,"F","Single","US Citizen","yes","White",2012-04-02,NA,"N/A - still employed","Active","Production       ",14,"Monster.com","Fully Meets",2.79,5,0,2019-02-19,0,6.88,32.37,15,2,0.480387939377034
"David Stanley","Garcia, Raul",1309061015,0,0,1,1,5,3,0,19,0,19,"Production Technician I","MA",1905,1985-09-15,"M ","Single","US Citizen","yes","White",2015-03-30,NA,"N/A - still employed","Active","Production       ",14,"Employee Referral","Fully Meets",4.5,3,0,2019-02-18,0,3.89,33.43,15,2,0.480387939377034
"David Stanley","Gordon, David",1106026579,1,1,1,1,5,3,0,15,0,19,"Production Technician I","MA",2169,1979-05-21,"M ","Married","US Citizen","no","White",2012-07-02,NA,"N/A - still employed","Active","Production       ",14,"MBTA ads","Fully Meets",5,3,0,2019-01-14,0,6.54,39.65,15,2,0.480387939377034
"David Stanley","Pitt, Brad ",1001735072,0,0,1,1,5,3,0,17,0,19,"Production Technician I","MA",2451,1981-11-23,"M ","Single","US Citizen","no","Black or African American",2007-11-05,NA,"N/A - still employed","Active","Production       ",14,"Search Engine - Google Bing Yahoo","Fully Meets",3.66,3,0,2019-02-25,0,11.31,37.26,15,2,0.480387939377034
"David Stanley","Rose, Ashley  ",710007555,0,3,0,1,5,3,0,17,0,19,"Production Technician I","MA",1886,1974-12-05,"F","Separated","US Citizen","no","White",2014-01-06,NA,"N/A - still employed","Active","Production       ",14,"Website Banner Ads","Fully Meets",5,4,0,2019-01-31,0,5.07,44.16,15,2,0.480387939377034
"David Stanley","Langton, Enrico",1304055987,1,1,1,1,5,3,0,17,0,19,"Production Technician I","MA",2048,1986-12-09,"M ","Married","US Citizen","no","White",2012-07-09,NA,"N/A - still employed","Active","Production       ",14,"Newspager/Magazine","Fully Meets",5,5,0,2019-02-04,0,6.57,32.16,15,2,0.480387939377034
"David Stanley","Zima, Colleen",1211051232,0,4,0,1,5,3,0,15,0,19,"Production Technician I","MA",1730,1978-08-17,"F","Widowed","US Citizen","no","Asian",2014-09-29,NA,"N/A - still employed","Active","Production       ",14,"On-campus Recruiting","Fully Meets",1.24,5,0,2019-01-30,0,4.34,40.45,15,2,0.480387939377034
"David Stanley","Monkfish, Erasumus",1404066711,1,1,1,1,5,3,0,27,0,20,"Production Technician II","MA",1450,1992-08-17,"M ","Married","US Citizen","no","White",2011-11-07,NA,"N/A - still employed","Active","Production       ",14,"Professional Society","Fully Meets",2.67,3,0,2019-01-08,0,7.17,26.39,15,2,0.480387939377034
"David Stanley","Jackson, Maryellen",1201031438,0,0,0,1,5,3,0,20,0,19,"Production Technician I","MA",2081,1972-09-11,"F","Single","US Citizen","no","White",2012-11-05,NA,"N/A - still employed","Active","Production       ",14,"Newspager/Magazine","Fully Meets",2.32,3,0,2019-01-17,0,6.2,46.35,15,2,0.480387939377034
"David Stanley","Wolk, Hang  T",1205033180,0,0,0,1,5,3,0,22,0,20,"Production Technician II","MA",2302,1985-04-20,"F","Single","US Citizen","no","White",2014-09-29,NA,"N/A - still employed","Active","Production       ",14,"Newspager/Magazine","Fully Meets",3.4,4,0,2019-02-21,0,4.4,33.84,15,2,0.480387939377034
"David Stanley","Good, Susan",1001549006,1,1,0,3,5,3,0,24.25,0,20,"Production Technician II","MA",1886,1986-05-25,"F","Married","US Citizen","no","White",2014-05-12,NA,"N/A - still employed","Leave of Absence","Production       ",14,"Professional Society","Fully Meets",2.04,3,0,2019-02-07,0,4.74,32.71,15,2,0.480387939377034
"David Stanley","Nguyen, Lei-Ming",1203032357,0,0,0,1,5,3,0,19,0,19,"Production Technician I","MA",2132,1984-07-07,"F","Single","US Citizen","no","White",2013-07-08,NA,"N/A - still employed","Active","Production       ",14,"Vendor Referral","Fully Meets",2.79,5,0,2019-01-02,0,5.49,34.49,15,2,0.480387939377034
"David Stanley","Maurice, Shana",1401064327,1,1,0,1,5,3,0,20,0,19,"Production Technician I","MA",2330,1977-11-22,"F","Married","US Citizen","no","White",2011-05-31,NA,"N/A - still employed","Active","Production       ",14,"Other","Fully Meets",5,4,0,2019-01-10,0,7.61,41.13,15,2,0.480387939377034
"Debra Houlihan","Daneault, Lynn",1402065303,0,0,0,1,6,3,0,54,0,21,"Sales Manager","VT",5473,1990-04-19,"F","Single","US Citizen","no","White",2014-05-05,NA,"N/A - still employed","Active","Sales",15,"Pay Per Click - Google","Fully Meets",4.62,4,0,2019-01-24,0,4.72,28.77,2,2,0
"Debra Houlihan","Smith, John",1499902910,0,2,1,1,6,2,1,56,0,21,"Sales Manager","MA",1886,1984-08-16,"M ","Divorced","US Citizen","no","Black or African American",2014-05-18,NA,"N/A - still employed","Active","Sales",15,"Diversity Job Fair","Needs Improvement",1.62,4,0,2019-01-16,0,4.67,34.42,2,2,0
"Elijiah Gray","Beatrice, Courtney ",1403066194,0,0,0,1,5,3,0,22,0,19,"Production Technician I","MA",1915,1970-10-27,"F","Single","Eligible NonCitizen","no","White",2011-04-04,NA,"N/A - still employed","Active","Production       ",16,"Search Engine - Google Bing Yahoo","Fully Meets",5,5,0,2019-01-14,0,7.78,48.22,14,2,0.468519601150428
"Elijiah Gray","Chan, Lin",1305057282,0,0,0,1,5,3,0,19.5,0,19,"Production Technician I","MA",2170,1979-02-12,"F","Single","US Citizen","no","White",2014-05-12,NA,"N/A - still employed","Active","Production       ",16,"Internet Search","Fully Meets",2.73,4,0,2019-02-19,0,4.77,40.02,14,2,0.468519601150428
"Elijiah Gray","Alagbe,Trina",1011022883,1,1,0,1,5,3,0,21,0,19,"Production Technician I","MA",1886,1988-09-27,"F","Married","US Citizen","no","White",2008-01-07,NA,"N/A - still employed","Active","Production       ",16,"Billboard","Fully Meets",4.84,5,0,2019-01-03,0,10.99,30.27,14,2,0.468519601150428
"Elijiah Gray","Sutwell, Barbara",1407069061,0,0,0,1,5,3,0,14,0,19,"Production Technician I","MA",2718,2068-08-15,"F","Single","Eligible NonCitizen","no","Asian",2012-05-14,NA,"N/A - still employed","Active","Production       ",16,"Glassdoor","Fully Meets",2.77,5,0,2019-01-31,0,6.72,50.46,14,2,0.468519601150428
"Elijiah Gray","Smith, Joe",1001970770,0,0,1,1,5,4,0,22,0,20,"Production Technician II","MA",2045,2063-10-30,"M ","Single","US Citizen","no","White",2014-09-29,NA,"N/A - still employed","Active","Production       ",16,"Pay Per Click - Google","Exceeds",2.41,3,0,2019-01-28,0,4.33,55.25,14,2,0.468519601150428
"Elijiah Gray","Lydon, Allison",1101023353,1,1,0,3,5,3,0,20,0,19,"Production Technician I","MA",2122,1975-10-22,"F","Married","US Citizen","no","Black or African American",2015-02-16,NA,"N/A - still employed","Leave of Absence","Production       ",16,"Website Banner Ads","Fully Meets",5,3,0,2019-01-23,0,3.93,43.26,14,2,0.468519601150428
"Elijiah Gray","Darson, Jene'ya ",1001109612,1,1,0,1,5,3,0,15,0,19,"Production Technician I","MA",2110,1978-11-05,"F","Married","US Citizen","no","White",2012-07-02,NA,"N/A - still employed","Active","Production       ",16,"Billboard","Fully Meets",5,3,0,2019-02-25,0,6.65,40.31,14,2,0.468519601150428
"Elijiah Gray","Harrell, Ludwick",1406068241,1,1,1,1,5,3,0,21,0,19,"Production Technician I","MA",1776,1982-09-02,"M ","Married","US Citizen","no","Asian",2012-05-14,NA,"N/A - still employed","Active","Production       ",16,"Search Engine - Google Bing Yahoo","Fully Meets",1.83,3,0,2019-02-22,0,6.78,36.47,14,2,0.468519601150428
"Elijiah Gray","Nowlan, Kristie",1104025435,0,0,0,1,5,3,0,26.39,0,20,"Production Technician II","MA",1040,1985-11-23,"F","Single","US Citizen","no","White",2014-11-10,NA,"N/A - still employed","Active","Production       ",16,"Glassdoor","Fully Meets",4.53,5,0,2019-01-16,0,4.18,33.15,14,2,0.468519601150428
"Elijiah Gray","Motlagh,  Dawn",1102024121,0,2,0,1,5,3,0,15,0,19,"Production Technician I","MA",2453,1984-07-07,"F","Divorced","US Citizen","no","White",2013-04-01,NA,"N/A - still employed","Active","Production       ",16,"MBTA ads","Fully Meets",1.76,4,0,2019-01-17,0,5.8,34.53,14,2,0.468519601150428
"Elijiah Gray","Sander, Kamrin",1302053362,1,1,0,1,5,3,0,21,0,19,"Production Technician I","MA",2154,1988-07-10,"F","Married","US Citizen","no","Black or African American",2014-09-29,NA,"N/A - still employed","Active","Production       ",16,"On-campus Recruiting","Fully Meets",3.51,3,0,2019-02-18,0,4.39,30.61,14,2,0.468519601150428
"Elijiah Gray","Lunquist, Lisa",1001504432,0,0,0,1,5,4,0,26.1,0,20,"Production Technician II","MA",2324,1982-03-28,"F","Single","US Citizen","no","Black or African American",2013-08-19,NA,"N/A - still employed","Active","Production       ",16,"Glassdoor","Exceeds",1.64,4,0,2019-02-12,0,5.48,36.88,14,2,0.468519601150428
"Elijiah Gray","Faller, Megan ",1108028428,1,1,0,1,5,3,0,27,0,20,"Production Technician II","MA",1824,1978-09-22,"F","Married","US Citizen","no","Black or African American",2014-07-07,NA,"N/A - still employed","Active","Production       ",16,"Professional Society","Fully Meets",1.49,5,0,2019-02-22,0,4.63,40.42,14,2,0.468519601150428
"Eric Dougall","Lindsay, Leonara ",602000312,0,0,0,1,3,4,1,26,0,14,"IT Support","CT",6070,1988-10-05,"F","Single","US Citizen","yes","Two or more races",2011-01-21,NA,"N/A - still employed","Active","IT/IS",6,"Diversity Job Fair","Exceeds",4.64,4,5,2019-01-25,0,8.01,30.31,4,2,0.671500381779761
"Eric Dougall","Clayton, Rick",1301052902,0,0,1,1,3,3,0,28.99,0,14,"IT Support","MA",2170,1985-09-05,"M ","Single","US Citizen","no","White",2012-09-05,NA,"N/A - still employed","Active","IT/IS",6,"Glassdoor","Fully Meets",2.55,3,6,2019-02-27,0,6.48,33.48,4,2,0.671500381779761
"Eric Dougall","Galia, Lisa",1501072093,0,0,0,1,3,3,0,31.4,0,14,"IT Support","CT",6040,2068-07-06,"F","Single","US Citizen","no","White",2010-05-01,NA,"N/A - still employed","Active","IT/IS",6,"Vendor Referral","Fully Meets",1.21,4,5,2019-02-01,0,8.76,50.57,4,2,0.671500381779761
"Eric Dougall","Soto, Julia ",1203032263,1,1,0,1,3,3,0,27.49,0,14,"IT Support","MA",2360,1973-03-12,"F","Married","US Citizen","no","Black or African American",2011-06-10,NA,"N/A - still employed","Active","IT/IS",6,"Information Session","Fully Meets",4.3,3,5,2019-02-08,0,7.67,45.91,4,2,0.671500381779761
"Janet King","Butler, Webster  L",1110029990,0,0,1,1,5,4,0,55,0,18,"Production Manager","MA",2169,1983-08-09,"M ","Single","US Citizen","no","White",2016-01-28,NA,"N/A - still employed","Active","Production       ",2,"Pay Per Click - Google","Exceeds",5,3,0,2019-02-22,0,3.07,35.54,13,4,0.490122085658466
"Janet King","Albert, Michael  ",1501072311,0,2,1,1,5,3,0,54.5,0,17,"Production Manager","MA",2169,2068-10-10,"M ","Divorced","US Citizen","no","White",2011-08-01,NA,"N/A - still employed","Active","Production       ",2,"Employee Referral","Fully Meets",3.93,3,0,2019-02-27,0,7.58,50.38,13,4,0.490122085658466
"Janet King","Miller, Brannon",1107027351,0,0,1,1,5,3,0,53,0,18,"Production Manager","MA",2045,1981-08-10,"M ","Single","US Citizen","yes","Hispanic",2012-08-16,NA,"N/A - still employed","Active","Production       ",2,"Internet Search","Fully Meets",4.37,3,0,2019-01-14,0,6.41,37.43,13,4,0.490122085658466
"Janet King","Zamora, Jennifer",1112030816,0,0,0,1,3,4,0,65,0,6,"CIO","MA",2067,1979-08-30,"F","Single","US Citizen","no","White",2010-04-10,NA,"N/A - still employed","Active","IT/IS",2,"Employee Referral","Exceeds",1.12,5,6,2019-02-21,0,8.87,39.48,13,4,0.490122085658466
"Janet King","Gray, Elijiah  ",1307060077,0,2,1,1,5,3,0,54,0,18,"Production Manager","MA",1752,1981-07-11,"M ","Divorced","US Citizen","no","White",2015-06-02,NA,"N/A - still employed","Active","Production       ",2,"Employee Referral","Fully Meets",4.63,3,0,2019-01-04,0,3.59,37.48,13,4,0.490122085658466
"Janet King","Bramante, Elisa",1006020066,0,0,0,1,5,4,0,60,0,10,"Director of Operations","MA",2030,1983-03-19,"F","Single","US Citizen","no","Black or African American",2009-01-05,NA,"N/A - still employed","Active","Production       ",2,"Other","Exceeds",3.02,5,0,2019-02-04,0,10.08,35.88,13,4,0.490122085658466
"Janet King","Liebig, Ketsia",1103024679,1,1,0,1,5,4,0,55,0,18,"Production Manager","MA",2110,1981-10-26,"F","Married","US Citizen","no","White",2013-09-30,NA,"N/A - still employed","Active","Production       ",2,"Website Banner Ads","Exceeds",3.66,3,0,2019-01-21,0,5.31,37.24,13,4,0.490122085658466
"Janet King","LeBlanc, Brandon  R",1102024115,1,1,1,1,1,3,0,55,0,23,"Shared Services Manager","MA",1460,1984-06-10,"M ","Married","US Citizen","no","White",2016-01-05,NA,"N/A - still employed","Active","Admin Offices",2,"Monster.com","Fully Meets",1.95,4,0,2019-01-28,0,3.06,34.63,13,4,0.490122085658466
"Janet King","Dunn, Amy  ",1409070147,0,0,0,1,5,3,0,51,0,18,"Production Manager","MA",1731,1973-11-28,"F","Single","US Citizen","no","White",2014-09-18,NA,"N/A - still employed","Active","Production       ",2,"Search Engine - Google Bing Yahoo","Fully Meets",4.52,4,0,2019-01-15,0,4.33,45.13,13,4,0.490122085658466
"Janet King","Houlihan, Debra",1009021646,1,1,0,1,6,3,0,60,0,11,"Director of Sales","RI",2908,2066-03-17,"F","Married","US Citizen","no","White",2014-05-05,NA,"N/A - still employed","Active","Sales",2,"MBTA ads","Fully Meets",1.22,4,0,2019-01-21,0,4.71,52.85,13,4,0.490122085658466
"Janet King","Stanley, David ",1000974650,0,2,1,1,5,2,0,53,0,18,"Production Manager","MA",1803,1975-12-17,"M ","Divorced","US Citizen","no","White",2010-07-20,NA,"N/A - still employed","Active","Production       ",2,"Monster.com","Needs Improvement",4.13,2,0,2019-01-14,0,8.49,43.08,13,4,0.490122085658466
"Janet King","Sullivan, Kissy ",1405067298,1,1,0,1,5,3,0,55,0,18,"Production Manager","MA",1776,1978-03-28,"F","Married","US Citizen","no","Black or African American",2009-01-08,NA,"N/A - still employed","Active","Production       ",2,"Billboard","Fully Meets",3.73,4,0,2019-01-24,0,10.04,40.83,13,4,0.490122085658466
"Janet King","Spirea, Kelley",1102024149,1,1,0,1,5,3,0,52,0,18,"Production Manager","MA",2451,1975-09-30,"F","Married","US Citizen","no","White",2012-10-02,NA,"N/A - still employed","Active","Production       ",2,"Vendor Referral","Fully Meets",4.83,5,0,2019-02-14,0,6.37,43.38,13,4,0.490122085658466
"Jennifer Zamora","Roup,Simon",1106026933,0,0,1,1,3,3,0,62,0,13,"IT Manager - DB","MA",2481,1973-04-05,"M ","Single","US Citizen","no","White",2013-01-20,NA,"N/A - still employed","Active","IT/IS",5,"Professional Society","Fully Meets",2.96,5,7,2019-02-18,0,6.08,45.87,6,2,0.651098743157882
"Jennifer Zamora","Foss, Jason",1192991000,0,0,1,1,3,4,0,65,0,12,"IT Director","MA",1460,1980-07-05,"M ","Single","US Citizen","no","Black or African American",2011-04-15,NA,"N/A - still employed","Active","IT/IS",5,"Professional Society","Exceeds",3.76,5,5,2019-01-07,0,7.73,38.51,6,2,0.651098743157882
"Jennifer Zamora","Dougall, Eric",1101023754,0,0,1,1,3,4,0,64,0,13,"IT Manager - Support","MA",1886,1970-07-09,"M ","Single","US Citizen","no","White",2014-01-05,NA,"N/A - still employed","Active","IT/IS",5,"Professional Society","Exceeds",1.99,5,5,2019-01-04,0,5,48.49,6,2,0.651098743157882
"Jennifer Zamora","Champaigne, Brian",1009919920,1,1,1,1,3,3,0,63.5,0,5,"BI Director","MA",2045,1972-02-09,"M ","Married","US Citizen","no","White",2016-09-06,NA,"N/A - still employed","Active","IT/IS",5,"Professional Society","Fully Meets",4.5,5,7,2019-01-15,0,2.36,46.93,6,2,0.651098743157882
"Jennifer Zamora","Sweetwater, Alex",1001644719,0,0,1,1,4,3,0,27,0,25,"Software Engineering Manager","MA",2184,2066-11-22,"M ","Single","US Citizen","no","White",2011-08-15,NA,"N/A - still employed","Active","Software Engineering",5,"Search Engine - Google Bing Yahoo","Fully Meets",3.84,3,5,2019-01-21,0,7.44,52.16,6,2,0.651098743157882
"Jennifer Zamora","Monroe, Peter",1011022863,1,1,1,1,3,2,1,63,0,13,"IT Manager - Infra","MA",2134,1986-10-05,"M ","Married","Eligible NonCitizen","yes","Hispanic",2012-02-15,NA,"N/A - still employed","Active","IT/IS",5,"Diversity Job Fair","Needs Improvement",2.39,3,6,2019-02-22,0,7.02,32.38,6,2,0.651098743157882
"John Smith","Carter, Michelle ",1403065721,0,0,0,1,6,3,0,55,0,3,"Area Sales Manager","VT",5664,2063-05-15,"F","Single","US Citizen","no","White",2014-08-18,NA,"N/A - still employed","Active","Sales",17,"Billboard","Fully Meets",5,5,0,2019-01-21,0,4.43,55.69,11,2,0.67615558862956
"John Smith","Dietrich, Jenna  ",1408069481,0,0,0,1,6,1,0,55,0,3,"Area Sales Manager","WA",98052,1987-05-14,"F","Single","US Citizen","yes","White",2012-02-20,NA,"N/A - still employed","Active","Sales",17,"Website Banner Ads","PIP",2.3,1,0,2019-01-29,0,6.94,31.71,11,2,0.67615558862956
"John Smith","Friedman, Gerry",1204032843,0,0,1,1,6,3,1,55.5,0,3,"Area Sales Manager","NY",10171,1969-02-24,"M ","Single","US Citizen","yes","Two or more races",2011-03-07,NA,"N/A - still employed","Active","Sales",17,"Diversity Job Fair","Fully Meets",3.65,5,0,2019-01-17,0,7.87,49.89,11,2,0.67615558862956
"John Smith","Gonzales, Ricardo",1411071481,1,1,1,1,6,3,0,55.5,0,3,"Area Sales Manager","ID",83706,2054-10-12,"M ","Married","US Citizen","no","White",2014-05-12,NA,"N/A - still employed","Active","Sales",17,"Monster.com","Fully Meets",3.98,3,0,2019-01-28,0,4.71,64.3,11,2,0.67615558862956
"John Smith","Leruth, Giovanni",1412071660,0,3,1,1,6,3,0,55,0,3,"Area Sales Manager","UT",84111,1988-12-27,"M ","Separated","US Citizen","no","Black or African American",2012-04-30,NA,"N/A - still employed","Active","Sales",17,"Website Banner Ads","Fully Meets",4.53,3,0,2019-01-29,0,6.75,30.09,11,2,0.67615558862956
"John Smith","Digitale, Alfred",1306059197,1,1,1,1,6,3,0,56,0,3,"Area Sales Manager","NH",3062,1988-09-14,"M ","Married","US Citizen","no","American Indian or Alaska Native",2014-08-18,NA,"N/A - still employed","Active","Sales",17,"Pay Per Click - Google","Fully Meets",3.6,5,0,2019-01-30,0,4.45,30.38,11,2,0.67615558862956
"John Smith","Ozark, Travis",812011761,0,0,1,1,6,3,0,55,0,3,"Area Sales Manager","NC",27229,1982-05-19,"M ","Single","US Citizen","no","White",2015-01-05,NA,"N/A - still employed","Active","Sales",17,"Website Banner Ads","Fully Meets",5,5,0,2019-01-14,0,4.02,36.66,11,2,0.67615558862956
"John Smith","Strong, Caitrin",1411071295,1,1,0,1,6,3,0,54,0,3,"Area Sales Manager","MT",59102,1989-05-12,"F","Married","US Citizen","no","Black or African American",2010-09-27,NA,"N/A - still employed","Active","Sales",17,"Professional Society","Fully Meets",2,4,0,2019-01-31,0,8.34,29.72,11,2,0.67615558862956
"John Smith","Valentin,Jackie",1312063714,1,1,0,1,6,3,0,55,0,3,"Area Sales Manager","AZ",85006,1991-05-23,"F","Married","US Citizen","no","Two or more races",2011-07-05,NA,"N/A - still employed","Active","Sales",17,"Other","Fully Meets",2.81,3,0,2019-01-17,0,7.54,27.66,11,2,0.67615558862956
"John Smith","Mullaney, Howard",1306057978,0,0,1,1,6,1,0,55,0,3,"Area Sales Manager","AL",36006,1975-11-02,"M ","Single","US Citizen","no","Two or more races",2014-09-29,NA,"N/A - still employed","Active","Sales",17,"Internet Search","PIP",1.93,3,0,2019-01-30,0,4.34,43.24,11,2,0.67615558862956
"John Smith","Villanueva, Noah",1111030503,0,0,1,1,6,3,0,56,0,3,"Area Sales Manager","ME",4063,1989-07-11,"M ","Single","US Citizen","no","Asian",2012-03-05,NA,"N/A - still employed","Active","Sales",17,"Website Banner Ads","Fully Meets",1.77,4,0,2019-01-18,0,6.87,29.52,11,2,0.67615558862956
"Kelley Spirea","Hankard, Earnest",1307059937,0,0,1,1,5,3,0,24,0,20,"Production Technician II","MA",2155,1988-08-10,"M ","Single","US Citizen","yes","White",2013-11-11,NA,"N/A - still employed","Active","Production       ",18,"Newspager/Magazine","Fully Meets",5,3,0,2019-01-08,0,5.16,30.41,16,2,0.520508494591038
"Kelley Spirea","Gaul, Barbara",1105026041,0,0,0,1,5,3,0,24,0,19,"Production Technician I","MA",2121,1983-12-02,"F","Single","US Citizen","yes","Black or African American",2011-05-16,NA,"N/A - still employed","Active","Production       ",18,"MBTA ads","Fully Meets",1.66,4,0,2019-02-26,0,7.78,35.24,16,2,0.520508494591038
"Kelley Spirea","Cornett, Lisa ",1403066069,1,1,0,1,5,3,0,15.75,0,19,"Production Technician I","MA",2189,1977-03-31,"F","Married","US Citizen","yes","White",2015-01-05,NA,"N/A - still employed","Active","Production       ",18,"Billboard","Fully Meets",4.73,5,0,2019-02-14,0,4.11,41.88,16,2,0.520508494591038
"Kelley Spirea","Carey, Michael  ",1311063114,0,0,1,1,5,3,0,20,0,19,"Production Technician I","MA",1701,1983-02-02,"M ","Single","US Citizen","no","Black or African American",2014-03-31,NA,"N/A - still employed","Active","Production       ",18,"MBTA ads","Fully Meets",4.43,3,0,2019-02-01,0,4.84,36,16,2,0.520508494591038
"Kelley Spirea","Linden, Mathew",1405067565,1,1,1,3,5,3,0,22,0,20,"Production Technician II","MA",1770,1979-03-19,"M ","Married","US Citizen","no","White",2013-07-08,NA,"N/A - still employed","Leave of Absence","Production       ",18,"Information Session","Fully Meets",4,3,0,2019-02-18,0,5.62,39.92,16,2,0.520508494591038
"Kelley Spirea","Moran, Patrick",1408069503,0,0,1,3,5,3,1,26,0,20,"Production Technician II","MA",2127,1976-12-03,"M ","Single","US Citizen","no","Hispanic",2012-01-09,NA,"N/A - still employed","Leave of Absence","Production       ",18,"Diversity Job Fair","Fully Meets",2.5,4,0,2019-01-31,0,7.06,42.16,16,2,0.520508494591038
"Kelley Spirea","Sahoo, Adil",1106026462,1,1,1,1,5,3,0,29,0,20,"Production Technician II","MA",2062,1986-04-26,"M ","Married","US Citizen","no","White",2010-08-30,NA,"N/A - still employed","Active","Production       ",18,"Monster.com","Fully Meets",2.08,3,0,2019-01-10,0,8.36,32.71,16,2,0.520508494591038
"Kelley Spirea","England, Rex",1101023612,1,1,1,1,5,3,0,21,0,19,"Production Technician I","MA",2045,1978-08-25,"M ","Married","US Citizen","no","White",2014-03-31,NA,"N/A - still employed","Active","Production       ",18,"Employee Referral","Fully Meets",2.05,3,0,2019-01-11,0,4.78,40.38,16,2,0.520508494591038
"Kelley Spirea","Punjabhi, Louis  ",1401064562,0,0,1,1,5,3,0,16,0,19,"Production Technician I","MA",2109,2061-06-19,"M ","Single","US Citizen","no","White",2014-01-06,NA,"N/A - still employed","Active","Production       ",18,"Employee Referral","Fully Meets",2.45,3,0,2019-01-07,0,5,57.55,16,2,0.520508494591038
"Kelley Spirea","Engdahl, Jean",1007020403,0,0,1,1,5,3,0,21.25,0,19,"Production Technician I","MA",2026,1974-05-31,"M ","Single","US Citizen","no","White",2014-11-10,NA,"N/A - still employed","Active","Production       ",18,"MBTA ads","Fully Meets",1.86,5,0,2019-02-13,0,4.26,44.71,16,2,0.520508494591038
"Kelley Spirea","Osturnka, Adeel",1404066949,1,1,1,1,5,4,0,16,0,19,"Production Technician I","MA",2478,1976-12-11,"M ","Married","US Citizen","no","White",2013-09-30,NA,"N/A - still employed","Active","Production       ",18,"On-campus Recruiting","Exceeds",2.86,3,0,2019-02-07,0,5.36,42.16,16,2,0.520508494591038
"Kelley Spirea","Jhaveri, Sneha  ",1412071713,0,3,0,1,5,3,0,19,0,19,"Production Technician I","MA",2109,2064-04-13,"F","Separated","US Citizen","no","White",2014-01-06,NA,"N/A - still employed","Active","Production       ",18,"On-campus Recruiting","Fully Meets",5,5,0,2019-01-21,0,5.04,54.77,16,2,0.520508494591038
"Kelley Spirea","Barone, Francesco  A",1101023679,0,0,1,1,5,3,0,16.76,0,19,"Production Technician I","MA",1810,1983-07-20,"M ","Single","US Citizen","no","Two or more races",2012-02-20,NA,"N/A - still employed","Active","Production       ",18,"Social Networks - Facebook Twitter etc","Fully Meets",1.41,4,0,2019-02-14,0,6.98,35.57,16,2,0.520508494591038
"Kelley Spirea","Stoica, Rick",1106026896,1,1,1,1,5,3,0,22,0,19,"Production Technician I","MA",2301,1985-03-14,"M ","Married","US Citizen","no","Asian",2014-02-17,NA,"N/A - still employed","Active","Production       ",18,"On-campus Recruiting","Fully Meets",1.39,3,0,2019-01-11,0,4.9,33.83,16,2,0.520508494591038
"Ketsia Liebig","Mahoney, Lauren  ",1209049259,0,0,0,1,5,3,0,17,0,19,"Production Technician I","MA",2189,1986-07-07,"F","Single","US Citizen","no","White",2014-01-06,NA,"N/A - still employed","Active","Production       ",19,"Newspager/Magazine","Fully Meets",2.55,4,0,2019-02-26,0,5.14,32.64,16,2,0.588489112800464
"Ketsia Liebig","Ferreira, Violeta",803009012,0,0,0,1,5,3,0,23,0,19,"Production Technician I","MA",2176,1986-06-10,"F","Single","US Citizen","no","White",2012-02-20,NA,"N/A - still employed","Active","Production       ",19,"Newspager/Magazine","Fully Meets",1.85,4,0,2019-01-07,0,6.88,32.58,16,2,0.588489112800464
"Ketsia Liebig","Biden, Lowan  M",1412071844,0,2,0,1,5,3,0,22,0,19,"Production Technician I","MA",2027,2058-12-27,"F","Divorced","US Citizen","no","Asian",2013-08-19,NA,"N/A - still employed","Active","Production       ",19,"Billboard","Fully Meets",2.39,3,0,2019-01-10,0,5.39,60.04,16,2,0.588489112800464
"Ketsia Liebig","Newman, Richard ",1302053044,1,1,1,3,5,3,0,21,0,19,"Production Technician I","MA",2136,1977-04-08,"M ","Married","US Citizen","no","White",2014-05-12,NA,"N/A - still employed","Leave of Absence","Production       ",19,"On-campus Recruiting","Fully Meets",5,5,0,2019-02-18,0,4.77,41.86,16,2,0.588489112800464
"Ketsia Liebig","Heitzman, Anthony",1002017900,0,0,1,1,5,3,0,19,0,19,"Production Technician I","MA",2149,1984-01-04,"M ","Single","US Citizen","no","White",2012-08-13,NA,"N/A - still employed","Active","Production       ",19,"Social Networks - Facebook Twitter etc","Fully Meets",4.17,4,0,2019-02-11,0,6.5,35.1,16,2,0.588489112800464
"Ketsia Liebig","Cierpiszewski, Caroline  ",1012023295,0,0,0,1,5,3,0,22,0,19,"Production Technician I","MA",2044,1988-05-31,"F","Single","Non-Citizen","no","Black or African American",2011-10-03,NA,"N/A - still employed","Active","Production       ",19,"Pay Per Click - Google","Fully Meets",3.58,5,0,2019-01-30,0,7.33,30.67,16,2,0.588489112800464
"Ketsia Liebig","Dickinson, Geoff ",706006285,0,0,1,1,5,3,0,21,0,19,"Production Technician I","MA",2180,1982-11-15,"M ","Single","US Citizen","no","White",2014-05-12,NA,"N/A - still employed","Active","Production       ",19,"Pay Per Click - Google","Fully Meets",1.13,4,0,2019-02-19,0,4.77,36.26,16,2,0.588489112800464
"Ketsia Liebig","Gold, Shenice  ",1408069539,0,0,0,1,5,3,0,17,0,19,"Production Technician I","MA",2451,1992-06-18,"F","Single","US Citizen","yes","White",2013-11-11,NA,"N/A - still employed","Active","Production       ",19,"Glassdoor","Fully Meets",1.94,5,0,2019-02-18,0,5.27,26.67,16,2,0.588489112800464
"Ketsia Liebig","Smith, Sade",1501071909,0,0,0,1,5,3,0,24.5,0,19,"Production Technician I","MA",2130,2065-02-02,"F","Single","US Citizen","no","White",2013-11-11,NA,"N/A - still employed","Active","Production       ",19,"Employee Referral","Fully Meets",3.73,3,0,2019-01-24,0,5.2,53.97,16,2,0.588489112800464
"Ketsia Liebig","Knapp, Bradley  J",1304055683,0,0,1,1,5,3,0,14,0,19,"Production Technician I","MA",1721,1977-11-10,"M ","Single","US Citizen","no","Black or African American",2014-02-17,NA,"N/A - still employed","Active","Production       ",19,"On-campus Recruiting","Fully Meets",2.79,3,0,2019-02-06,0,4.97,41.24,16,2,0.588489112800464
"Ketsia Liebig","Burkett, Benjamin ",1301052449,1,1,1,1,5,3,0,26,0,20,"Production Technician II","MA",1890,1977-08-19,"M ","Married","US Citizen","no","White",2011-04-04,NA,"N/A - still employed","Active","Production       ",19,"Careerbuilder","Fully Meets",3.25,5,0,2019-01-14,0,7.78,41.4,16,2,0.588489112800464
"Ketsia Liebig","Peterson, Kayla ",1307059944,1,1,0,1,5,3,0,17,0,19,"Production Technician I","MA",1749,1973-09-23,"F","Married","US Citizen","no","White",2010-04-26,NA,"N/A - still employed","Active","Production       ",19,"Search Engine - Google Bing Yahoo","Fully Meets",2.72,3,0,2019-01-21,0,8.74,45.33,16,2,0.588489112800464
"Ketsia Liebig","Athwal, Sam",1301052124,0,4,1,1,5,3,0,22,0,19,"Production Technician I","MA",2199,1983-02-18,"M ","Widowed","US Citizen","no","White",2013-09-30,NA,"N/A - still employed","Active","Production       ",19,"Employee Referral","Fully Meets",5,4,0,2019-02-25,0,5.4,36.02,16,2,0.588489112800464
"Ketsia Liebig","McCarthy, Brigit",1406067957,0,0,0,1,5,3,0,26,0,20,"Production Technician II","MA",2149,1987-05-21,"F","Single","US Citizen","no","White",2015-03-30,NA,"N/A - still employed","Active","Production       ",19,"Newspager/Magazine","Fully Meets",5,5,0,2019-02-07,0,3.86,31.72,16,2,0.588489112800464
"Ketsia Liebig","Walker, Roger",1011022818,0,0,1,1,5,3,0,22,0,20,"Production Technician II","MA",2459,1976-02-10,"M ","Single","US Citizen","no","Black or African American",2014-08-18,NA,"N/A - still employed","Active","Production       ",19,"Employee Referral","Fully Meets",3.11,5,0,2019-02-12,0,4.49,43.01,16,2,0.588489112800464
"Ketsia Liebig","Jeannite, Tayana",1008020942,0,2,0,1,5,4,0,22.5,0,20,"Production Technician II","MA",1821,1986-11-06,"F","Divorced","US Citizen","no","American Indian or Alaska Native",2011-07-05,NA,"N/A - still employed","Active","Production       ",19,"MBTA ads","Exceeds",4.6,4,0,2019-02-25,0,7.64,32.3,16,2,0.588489112800464
"Kissy Sullivan","Garneau, Hamish",1104025414,0,0,1,1,5,3,0,18,0,19,"Production Technician I","MA",1550,1980-04-18,"M ","Single","US Citizen","no","Asian",2013-07-08,NA,"N/A - still employed","Active","Production       ",20,"Professional Society","Fully Meets",2.61,4,0,2019-01-22,0,5.54,38.76,10,3,0.521355785725667
"Kissy Sullivan","Mckenna, Sandy",909015167,1,1,0,1,5,3,0,24,0,19,"Production Technician I","MA",2184,1987-01-07,"F","Married","US Citizen","no","Black or African American",2013-01-07,NA,"N/A - still employed","Active","Production       ",20,"Monster.com","Fully Meets",3.93,3,0,2019-01-30,0,6.06,32.06,10,3,0.521355785725667
"Kissy Sullivan","Stanford,Barbara  M",1111030244,0,2,0,1,5,3,0,14,0,19,"Production Technician I","MA",2050,1982-08-25,"F","Divorced","US Citizen","no","Two or more races",2011-01-10,NA,"N/A - still employed","Active","Production       ",20,"Word of Mouth","Fully Meets",1.05,4,0,2019-02-07,0,8.08,36.45,10,3,0.521355785725667
"Kissy Sullivan","Bugali, Josephine ",1408069635,0,3,0,3,5,3,1,20,0,19,"Production Technician I","MA",2043,1969-10-30,"F","Separated","US Citizen","no","Black or African American",2013-11-11,NA,"N/A - still employed","Leave of Absence","Production       ",20,"Diversity Job Fair","Fully Meets",2.83,5,0,2019-01-21,0,5.19,49.23,10,3,0.521355785725667
"Kissy Sullivan","Goyal, Roxana",1312063675,1,1,0,3,5,3,0,24,0,19,"Production Technician I","MA",1864,1974-10-09,"F","Married","US Citizen","no","Asian",2013-08-19,NA,"N/A - still employed","Leave of Absence","Production       ",20,"On-campus Recruiting","Fully Meets",1.71,5,0,2019-02-15,0,5.49,44.35,10,3,0.521355785725667
"Kissy Sullivan","Jacobi, Hannah  ",1503072857,0,2,0,1,5,3,0,21,0,19,"Production Technician I","MA",1778,2066-03-22,"F","Divorced","US Citizen","no","White",2013-09-30,NA,"N/A - still employed","Active","Production       ",20,"Employee Referral","Fully Meets",2.05,5,0,2019-02-22,0,5.4,52.92,10,3,0.521355785725667
"Kissy Sullivan","Woodson, Jason",1012023010,0,0,1,1,5,3,0,24.25,0,20,"Production Technician II","MA",1810,1985-05-11,"M ","Single","US Citizen","no","White",2014-07-07,NA,"N/A - still employed","Active","Production       ",20,"Vendor Referral","Fully Meets",4.07,4,0,2019-02-28,0,4.65,33.8,10,3,0.521355785725667
"Kissy Sullivan","Davis, Daniel",1201031274,0,0,1,1,5,3,0,25,0,20,"Production Technician II","MA",2458,1979-09-14,"M ","Single","Eligible NonCitizen","no","Two or more races",2011-11-07,NA,"N/A - still employed","Active","Production       ",20,"Newspager/Magazine","Fully Meets",3.96,4,0,2019-02-27,0,7.31,39.46,10,3,0.521355785725667
"Kissy Sullivan","Gosciminski, Phylicia  ",1108028351,0,3,0,3,5,3,0,27,0,20,"Production Technician II","MA",1824,1983-12-08,"F","Separated","US Citizen","no","American Indian or Alaska Native",2013-09-30,NA,"N/A - still employed","Leave of Absence","Production       ",20,"Word of Mouth","Fully Meets",2.57,5,0,2019-02-21,0,5.39,35.21,10,3,0.521355785725667
"Kissy Sullivan","Monterro, Luisa",1001103149,0,0,0,1,5,4,0,25,0,20,"Production Technician II","MA",2126,1970-04-24,"F","Single","US Citizen","no","Black or African American",2013-05-13,NA,"N/A - still employed","Active","Production       ",20,"Billboard","Exceeds",2.55,3,0,2019-01-14,0,5.67,48.73,10,3,0.521355785725667
"Lynn Daneault","Costa, Latia",1409070567,0,0,0,1,6,4,0,55,0,3,"Area Sales Manager","CA",90007,1988-11-08,"F","Single","US Citizen","no","White",2011-01-10,NA,"N/A - still employed","Active","Sales",21,"Other","Exceeds",4.77,5,0,2019-01-27,0,8.05,30.22,13,2,0.670179387673034
"Lynn Daneault","Fraval, Maruk ",1411071302,0,0,1,1,6,3,0,55,0,3,"Area Sales Manager","CT",6050,2063-08-28,"M ","Single","US Citizen","no","Black or African American",2011-09-06,NA,"N/A - still employed","Active","Sales",21,"Monster.com","Fully Meets",1.64,3,0,2019-01-27,0,7.39,55.42,13,2,0.670179387673034
"Lynn Daneault","Givens, Myriam",1203032099,0,0,0,1,6,3,0,55,0,3,"Area Sales Manager","IN",46204,1989-09-22,"F","Single","US Citizen","no","White",2015-02-16,NA,"N/A - still employed","Active","Sales",21,"Pay Per Click - Google","Fully Meets",1.72,5,0,2019-01-25,0,3.94,29.34,13,2,0.670179387673034
"Lynn Daneault","Buck, Edward",1504073313,1,1,1,1,6,3,0,55,0,3,"Area Sales Manager","MA",2330,1975-07-07,"M ","Married","US Citizen","no","White",2014-09-29,NA,"N/A - still employed","Active","Sales",21,"Employee Referral","Fully Meets",3.31,5,0,2019-01-28,0,4.33,43.56,13,2,0.670179387673034
"Lynn Daneault","Khemmich, Bartholemew",1104025008,0,0,1,1,6,3,0,55,0,3,"Area Sales Manager","CO",80820,1979-11-27,"M ","Single","US Citizen","no","White",2013-08-19,NA,"N/A - still employed","Active","Sales",21,"Pay Per Click - Google","Fully Meets",2.19,5,0,2019-01-22,0,5.43,39.15,13,2,0.670179387673034
"Lynn Daneault","Martins, Joseph",1209048771,0,0,1,1,6,3,0,56,0,3,"Area Sales Manager","TX",78207,1970-06-11,"M ","Single","Eligible NonCitizen","no","Black or African American",2012-05-14,NA,"N/A - still employed","Active","Sales",21,"Employee Referral","Fully Meets",2.94,5,0,2019-01-19,0,6.68,48.61,13,2,0.670179387673034
"Lynn Daneault","Jeremy Prater",1001084890,1,1,1,1,6,1,0,56,0,3,"Area Sales Manager","NV",89139,1974-05-09,"M ","Married","US Citizen","no","White",2014-05-12,NA,"N/A - still employed","Active","Sales",21,"Website Banner Ads","PIP",1.81,2,0,2019-01-17,0,4.68,44.69,13,2,0.670179387673034
"Lynn Daneault","Onque, Jasmine",1501072180,0,0,0,1,6,3,0,57,0,3,"Area Sales Manager","FL",33174,1990-05-11,"F","Single","US Citizen","yes","White",2013-09-30,NA,"N/A - still employed","Active","Sales",21,"Pay Per Click - Google","Fully Meets",4.28,3,0,2019-01-25,0,5.32,28.71,13,2,0.670179387673034
"Lynn Daneault","Potts, Xana",1102024106,1,1,0,1,6,3,0,55,0,3,"Area Sales Manager","KY",40220,1988-08-29,"F","Married","US Citizen","no","Black or African American",2012-01-09,NA,"N/A - still employed","Active","Sales",21,"Website Banner Ads","Fully Meets",4.2,5,0,2019-02-01,0,7.06,30.43,13,2,0.670179387673034
"Lynn Daneault","Riordan, Michael",1502072711,0,3,1,1,6,4,0,55,0,3,"Area Sales Manager","ND",58782,2068-01-15,"M ","Separated","US Citizen","no","White",2006-01-09,NA,"N/A - still employed","Active","Sales",21,"Billboard","Exceeds",4.1,3,0,2019-01-04,0,12.99,50.97,13,2,0.670179387673034
"Lynn Daneault","Nguyen, Dheepa",1111030684,0,0,0,1,6,3,0,55,0,3,"Area Sales Manager","GA",30428,1989-03-31,"F","Single","US Citizen","no","Two or more races",2013-07-08,NA,"N/A - still employed","Active","Sales",21,"Pay Per Click - Google","Fully Meets",5,5,0,2019-01-25,0,5.55,29.82,13,2,0.670179387673034
"Lynn Daneault","Terry, Sharlene ",1401064637,0,0,0,1,6,3,0,55,0,3,"Area Sales Manager","OR",97756,2065-05-07,"F","Single","US Citizen","no","Black or African American",2014-09-29,NA,"N/A - still employed","Active","Sales",21,"Monster.com","Fully Meets",3.69,3,0,2019-01-28,0,4.33,53.73,13,2,0.670179387673034
"Michael Albert","Adinolfi, Wilson  K",1409070522,0,0,1,1,5,4,0,20,0,19,"Production Technician I","MA",1960,1983-07-10,"M ","Single","US Citizen","no","White",2011-07-05,NA,"N/A - still employed","Active","Production       ",22,"MBTA ads","Exceeds",2.51,5,0,2019-01-17,0,7.54,35.52,13,2,0.671107544920696
"Michael Albert","Handschiegl, Joanne",1405067064,1,1,0,1,5,3,0,24,0,19,"Production Technician I","MA",2127,1977-03-23,"F","Married","US Citizen","no","White",2011-11-28,NA,"N/A - still employed","Active","Production       ",22,"Word of Mouth","Fully Meets",4.2,4,0,2019-02-22,0,7.24,41.92,13,2,0.671107544920696
"Michael Albert","Chace, Beatrice ",1208048062,0,0,0,1,5,3,0,16,0,19,"Production Technician I","MA",2763,2051-01-02,"F","Single","US Citizen","no","White",2014-09-29,NA,"N/A - still employed","Active","Production       ",22,"Search Engine - Google Bing Yahoo","Fully Meets",5,4,0,2019-02-12,0,4.37,68.11,13,2,0.671107544920696
"Michael Albert","Gentry, Mildred",1501072192,1,1,0,1,5,3,0,19,0,19,"Production Technician I","MA",2145,1990-10-01,"F","Married","US Citizen","no","Black or African American",2015-03-30,NA,"N/A - still employed","Active","Production       ",22,"Professional Society","Fully Meets",3.73,3,0,2019-01-16,0,3.8,28.29,13,2,0.671107544920696
"Michael Albert","Blount, Dianna",1403066125,0,0,0,1,5,2,0,27,0,20,"Production Technician II","MA",2171,1990-09-21,"F","Single","US Citizen","no","White",2011-04-04,NA,"N/A - still employed","Active","Production       ",22,"Monster.com","Needs Improvement",1.16,3,0,2019-02-27,0,7.9,28.44,13,2,0.671107544920696
"Michael Albert","Erilus, Angela",1105025661,0,3,0,1,5,1,0,24,0,20,"Production Technician II","MA",2133,1989-08-25,"F","Separated","US Citizen","no","White",2014-07-07,NA,"N/A - still employed","Active","Production       ",22,"Pay Per Click - Google","PIP",4.59,1,0,2019-02-25,0,4.64,29.5,13,2,0.671107544920696
"Michael Albert","Moumanil, Maliki ",1301052436,0,3,1,1,5,3,0,29,0,20,"Production Technician II","MA",1460,1974-12-01,"M ","Separated","US Citizen","no","Black or African American",2013-05-13,NA,"N/A - still employed","Active","Production       ",22,"On-campus Recruiting","Fully Meets",4.29,5,0,2019-01-28,0,5.71,44.16,13,2,0.671107544920696
"Michael Albert","Medeiros, Jennifer",1109029256,0,0,0,1,5,3,0,20,0,19,"Production Technician I","MA",2346,1976-09-22,"F","Single","US Citizen","no","White",2015-03-30,NA,"N/A - still employed","Active","Production       ",22,"Monster.com","Fully Meets",5,4,0,2019-01-21,0,3.81,42.33,13,2,0.671107544920696
"Michael Albert","Keatts, Kramer ",1301052462,0,0,1,1,5,3,0,19,0,19,"Production Technician I","MA",1887,1976-01-19,"M ","Single","US Citizen","no","White",2013-09-30,NA,"N/A - still employed","Active","Production       ",22,"Billboard","Fully Meets",3.07,4,0,2019-01-23,0,5.31,43.01,13,2,0.671107544920696
"Michael Albert","Sullivan, Timothy",1201031310,1,1,1,1,5,3,0,19,0,19,"Production Technician I","MA",2747,1982-10-07,"M ","Married","US Citizen","yes","White",2015-01-05,NA,"N/A - still employed","Active","Production       ",22,"Word of Mouth","Fully Meets",4.36,5,0,2019-01-24,0,4.05,36.3,13,2,0.671107544920696
"Michael Albert","Owad, Clinton",1103024335,0,0,1,1,5,2,0,22,0,19,"Production Technician I","MA",1760,1979-11-24,"M ","Single","US Citizen","no","Black or African American",2014-02-17,NA,"N/A - still employed","Active","Production       ",22,"MBTA ads","Needs Improvement",4.25,3,0,2019-02-04,0,4.96,39.2,13,2,0.671107544920696
"Peter Monroe","Turpin, Jumil",1411071506,1,1,1,1,3,3,0,49.1,0,15,"Network Engineer","MA",2343,1969-03-31,"M ","Married","Eligible NonCitizen","no","White",2015-03-30,NA,"N/A - still employed","Active","IT/IS",7,"Employee Referral","Fully Meets",5,4,7,2019-01-14,0,3.79,49.79,13,2,0.479300908153716
"Peter Monroe","Warfield, Sarah",1301052347,0,4,0,1,3,3,0,55.2,0,28,"Sr. Network Engineer","MA",2453,1978-05-02,"F","Widowed","US Citizen","no","Asian",2015-03-30,NA,"N/A - still employed","Active","IT/IS",7,"Employee Referral","Fully Meets",1.06,4,8,2019-02-05,0,3.85,40.76,13,2,0.479300908153716
"Peter Monroe","Shepard, Anita ",906014183,1,1,0,1,3,3,0,47,0,15,"Network Engineer","MA",1773,1981-04-14,"F","Married","US Citizen","no","White",2014-09-30,NA,"N/A - still employed","Active","IT/IS",7,"Vendor Referral","Fully Meets",3.31,3,6,2019-01-07,0,4.27,37.73,13,2,0.479300908153716
"Peter Monroe","South, Joe",1308060959,0,0,1,1,3,3,0,53,0,28,"Sr. Network Engineer","CT",6278,2065-09-09,"M ","Single","US Citizen","no","White",2014-11-10,NA,"N/A - still employed","Active","IT/IS",7,"Employee Referral","Fully Meets",5,3,4,2019-01-02,0,4.15,53.31,13,2,0.479300908153716
"Peter Monroe","Dolan, Linda",1101023540,1,1,0,1,3,3,0,37,0,14,"IT Support","MA",2119,1988-07-18,"F","Married","US Citizen","no","White",2015-01-05,NA,"N/A - still employed","Active","IT/IS",7,"Employee Referral","Fully Meets",4.11,4,6,2019-02-25,0,4.14,30.61,13,2,0.479300908153716
"Peter Monroe","Bacong, Alejandro ",1212052023,0,2,1,1,3,3,0,45,0,14,"IT Support","MA",1886,1988-01-07,"M ","Divorced","US Citizen","no","White",2015-01-05,NA,"N/A - still employed","Active","IT/IS",7,"Glassdoor","Fully Meets",1.84,5,6,2019-02-18,0,4.12,31.12,13,2,0.479300908153716
"Peter Monroe","Merlos, Carlos",1012023013,0,0,1,1,3,1,0,43,0,15,"Network Engineer","MA",2138,1987-06-18,"M ","Single","US Citizen","no","White",2015-03-30,NA,"N/A - still employed","Active","IT/IS",7,"Vendor Referral","PIP",1.2,3,6,2019-02-04,0,3.85,31.63,13,2,0.479300908153716
"Peter Monroe","Cisco, Anthony",1102024173,1,1,1,1,3,3,0,42,0,14,"IT Support","MA",2135,1989-11-24,"M ","Married","US Citizen","yes","White",2015-03-30,NA,"N/A - still employed","Active","IT/IS",7,"Information Session","Fully Meets",2.21,5,7,2019-01-10,0,3.78,29.13,13,2,0.479300908153716
"Peter Monroe","Gonzalez, Maria",1988299991,0,3,0,1,3,3,0,39,0,14,"IT Support","MA",2472,1981-04-16,"F","Separated","US Citizen","yes","White",2015-01-05,NA,"N/A - still employed","Active","IT/IS",7,"Employee Referral","Fully Meets",4.61,4,5,2019-01-28,0,4.06,37.79,13,2,0.479300908153716
"Peter Monroe","Daniele, Ann  ",1411071312,1,1,0,3,3,3,0,54.1,0,28,"Sr. Network Engineer","CT",6033,2052-01-18,"F","Married","US Citizen","no","White",2014-11-10,NA,"N/A - still employed","Leave of Absence","IT/IS",7,"Vendor Referral","Fully Meets",1.55,5,8,2019-02-12,0,4.26,67.07,13,2,0.479300908153716
"Peter Monroe","Morway, Tanya",1001956578,1,1,0,1,3,3,0,27,0,15,"Network Engineer","MA",2048,1979-04-04,"F","Married","US Citizen","no","White",2015-02-16,NA,"N/A - still employed","Active","IT/IS",7,"Monster.com","Fully Meets",3.81,3,6,2019-02-11,0,3.99,39.86,13,2,0.479300908153716
"Peter Monroe","Lajiri,  Jyoti",1108028108,1,1,1,3,3,3,0,56.2,0,28,"Sr. Network Engineer","MA",2169,1986-04-23,"M ","Married","US Citizen","no","White",2014-11-10,NA,"N/A - still employed","Leave of Absence","IT/IS",7,"Employee Referral","Fully Meets",4.46,5,6,2019-01-07,0,4.16,32.71,13,2,0.479300908153716
"Simon Roup","Horton, Jayne",1105025718,0,0,0,1,3,3,0,34,0,8,"Database Administrator","MA",2493,1984-02-21,"F","Single","US Citizen","no","White",2015-03-30,NA,"N/A - still employed","Active","IT/IS",4,"Glassdoor","Fully Meets",4.48,5,6,2019-01-03,0,3.76,34.87,9,2,0.551193769585004
"Simon Roup","Roby, Lori ",1407068885,1,1,0,1,3,3,0,39.55,0,9,"Data Analyst","MA",1886,1981-10-11,"F","Married","US Citizen","no","White",2015-02-16,NA,"N/A - still employed","Active","IT/IS",4,"Employee Referral","Fully Meets",3.69,5,6,2019-02-14,0,3.99,37.34,9,2,0.551193769585004
"Simon Roup","Murray, Thomas",1406068403,0,2,1,1,3,4,1,35.5,0,9,"Data Analyst","TX",78230,1988-07-04,"M ","Divorced","US Citizen","no","Black or African American",2014-11-10,NA,"N/A - still employed","Active","IT/IS",4,"Diversity Job Fair","Exceeds",4.28,4,5,2019-02-25,0,4.29,30.64,9,2,0.551193769585004
"Simon Roup","Zhou, Julia",1110029732,0,0,0,1,3,3,0,31.4,0,9,"Data Analyst","MA",2148,1979-02-24,"F","Single","US Citizen","no","White",2015-03-30,NA,"N/A - still employed","Active","IT/IS",4,"Employee Referral","Fully Meets",5,3,5,2019-02-01,0,3.84,39.94,9,2,0.551193769585004
"Simon Roup","Johnson, Noelle ",1003018246,1,1,0,3,3,3,0,40,0,8,"Database Administrator","MA",2301,1986-11-07,"F","Married","US Citizen","no","Asian",2015-01-05,NA,"N/A - still employed","Leave of Absence","IT/IS",4,"Glassdoor","Fully Meets",3.75,3,5,2019-02-11,0,4.1,32.26,9,2,0.551193769585004
"Simon Roup","Simard, Kramer",808010278,1,1,1,1,3,3,0,30.2,0,9,"Data Analyst","MA",2110,1970-02-08,"M ","Married","US Citizen","yes","White",2015-01-05,NA,"N/A - still employed","Active","IT/IS",4,"Employee Referral","Fully Meets",3.32,3,7,2019-01-14,0,4.02,48.93,9,2,0.551193769585004
"Simon Roup","Rogers, Ivan",1203032255,1,1,1,1,3,3,0,42.2,0,9,"Data Analyst","MA",1810,1986-08-26,"M ","Married","US Citizen","no","White",2015-03-30,NA,"N/A - still employed","Active","IT/IS",4,"Pay Per Click - Google","Fully Meets",3.04,3,6,2019-01-22,0,3.82,32.41,9,2,0.551193769585004
"Simon Roup","Petrowsky, Thelma",1108027853,1,1,0,1,3,4,0,42.75,0,9,"Data Analyst","MA",1886,1984-09-16,"F","Married","US Citizen","no","Asian",2014-11-10,NA,"N/A - still employed","Active","IT/IS",4,"Employee Referral","Exceeds",3.71,5,7,2019-01-04,0,4.15,34.3,9,2,0.551193769585004
"Webster Butler","Fancett, Nicole",1402065085,0,0,0,1,5,3,0,24,0,20,"Production Technician II","MA",2324,1987-09-27,"F","Single","US Citizen","no","Black or African American",2014-02-17,NA,"N/A - still employed","Active","Production       ",NA,"Newspager/Magazine","Fully Meets",4,4,0,2019-01-07,0,4.89,31.28,8,2,0.478248643575348
"Webster Butler","Rivera, Haley  ",1405067642,1,1,0,1,5,4,0,22,0,19,"Production Technician I","MA",2171,1973-01-12,"F","Married","US Citizen","no","Asian",2011-11-28,NA,"N/A - still employed","Active","Production       ",NA,"Search Engine - Google Bing Yahoo","Exceeds",4.36,5,0,2019-02-11,0,7.21,46.08,8,2,0.478248643575348
"Webster Butler","Buccheri, Joseph  ",1101023457,0,0,1,1,5,3,0,22,0,20,"Production Technician II","MA",1013,1983-07-28,"M ","Single","US Citizen","no","White",2014-09-29,NA,"N/A - still employed","Active","Production       ",NA,"Word of Mouth","Fully Meets",3.19,3,0,2019-02-01,0,4.34,35.52,8,2,0.478248643575348
"Webster Butler","Chang, Donovan  E",1111030129,0,0,1,1,5,3,0,22,0,19,"Production Technician I","MA",1845,1983-08-24,"M ","Single","US Citizen","no","White",2013-07-08,NA,"N/A - still employed","Active","Production       ",NA,"Newspager/Magazine","Fully Meets",3.8,5,0,2019-01-14,0,5.52,35.39,8,2,0.478248643575348
"Webster Butler","Becker, Scott",1110029777,0,0,1,3,5,3,0,17,0,19,"Production Technician I","MA",2452,1979-04-06,"M ","Single","US Citizen","no","Asian",2013-07-08,NA,"N/A - still employed","Leave of Absence","Production       ",NA,"MBTA ads","Fully Meets",1.09,4,0,2019-01-11,0,5.51,39.77,8,2,0.478248643575348
"Webster Butler","Sewkumar, Nori",807010161,0,0,0,3,5,3,0,15.2,0,19,"Production Technician I","MA",2191,1975-03-10,"F","Single","US Citizen","no","Asian",2013-09-30,NA,"N/A - still employed","Leave of Absence","Production       ",NA,"Search Engine - Google Bing Yahoo","Fully Meets",5,5,0,2019-02-21,0,5.39,43.95,8,2,0.478248643575348
